{"accuracy": [0.18540380895137787, 0.43090957403182983, 0.5766031742095947, 0.6478847861289978, 0.714962899684906, 0.7531526684761047, 0.7939361333847046, 0.8291745185852051, 0.8627135157585144, 0.879706621170044, 0.9030498266220093, 0.9211161732673645], "loss": [2.1364901065826416, 1.5230016708374023, 1.1759926080703735, 0.9708316922187805, 0.8073082566261292, 0.7050333023071289, 0.5938652753829956, 0.4905548691749573, 0.3975589871406555, 0.33944249153137207, 0.28163638710975647, 0.2302803099155426], "val_accuracy": [0.32618024945259094, 0.48962804675102234, 0.6688125729560852, 0.7056509256362915, 0.6866952776908875, 0.7968526482582092, 0.7761087417602539, 0.853361964225769, 0.8630185723304749, 0.8783977031707764, 0.9023604989051819, 0.883762538433075], "val_loss": [1.8055016994476318, 1.3395553827285767, 0.9502437114715576, 0.8631422519683838, 0.8664698600769043, 0.6150873303413391, 0.6521145701408386, 0.4511098265647888, 0.4116624891757965, 0.36741119623184204, 0.28499433398246765, 0.37480589747428894]}